{"count":1,"self":778.1863424,"total":1701.7379764,"children":{"AgentSendState":{"count":386784,"self":53.3014048,"total":300.1739255,"children":{"CollectObservations":{"count":2475424,"self":16.289327999999998,"total":16.2893284,"children":null},"CollectDiscreteActionMasks":{"count":2475424,"self":7.7113168,"total":7.7113166,"children":null},"AgentInfo.ToProto":{"count":2475424,"self":20.8052544,"total":222.87187519999998,"children":{"GenerateSensorData":{"count":2475424,"self":64.0975488,"total":202.0666211,"children":{"RayPerceptionSensor.Perceive":{"count":7426272,"self":137.9690752,"total":137.96907489999998,"children":null}}}}}}},"DecideAction":{"count":386784,"self":599.7916672,"total":599.7916851,"children":null},"AgentAct":{"count":386784,"self":23.3879584,"total":23.5840316,"children":{"AgentInfo.ToProto":{"count":2464,"self":0.023986,"total":0.19607329999999998,"children":{"GenerateSensorData":{"count":2464,"self":0.0460687,"total":0.1720873,"children":{"RayPerceptionSensor.Perceive":{"count":7392,"self":0.12601859999999998,"total":0.12601859999999998,"children":null}}}}}}}},"gauges":{"ToyRaceCar.CumulativeReward":{"count":2464,"max":2787,"min":88.69665,"runningAverage":444.05545,"value":349.362457,"weightedAverage":359.534058}},"metadata":{"timer_format_version":"0.1.0","start_time_seconds":"1602822370","unity_version":"2019.4.11f1","command_line_arguments":"C:\\Program Files\\Unity\\Hub\\Editor\\2019.4.11f1\\Editor\\Unity.exe -projectpath E:\/Class Projects\/GIMM 400\/ML-Agent-Minigame\/ML-Agent-Project -useHub -hubIPC -cloudEnvironment production -hubSessionId 7ce4fc40-0f1a-11eb-8d6b-e3e9c4c79420","communication_protocol_version":"1.0.0","com.unity.ml-agents_version":"1.0.5","scene_name":"TrainingScene 1","end_time_seconds":"1602824072"}}