{"count":1,"self":4152.7816192,"total":9055.0123265,"children":{"AgentSendState":{"count":6250648,"self":208.3562112,"total":1073.8557392999999,"children":{"CollectObservations":{"count":10001040,"self":57.096703999999995,"total":57.096706399999995,"children":null},"CollectDiscreteActionMasks":{"count":10001040,"self":25.6333472,"total":25.6333469,"children":null},"AgentInfo.ToProto":{"count":10001040,"self":72.6606784,"total":782.7694713,"children":{"GenerateSensorData":{"count":10001040,"self":240.28989439999998,"total":710.1087927,"children":{"RayPerceptionSensor.Perceive":{"count":30003120,"self":469.81888,"total":469.81889209999997,"children":null}}}}}}},"DecideAction":{"count":6250648,"self":3725.5778304,"total":3725.5779531,"children":null},"AgentAct":{"count":6250648,"self":101.96303999999999,"total":102.7960317,"children":{"AgentInfo.ToProto":{"count":10000,"self":0.080670499999999992,"total":0.83299329999999994,"children":{"GenerateSensorData":{"count":10000,"self":0.2555011,"total":0.7523228,"children":{"RayPerceptionSensor.Perceive":{"count":30000,"self":0.4968217,"total":0.4968217,"children":null}}}}}}}},"gauges":{"ToyRaceCar.CumulativeReward":{"count":10000,"max":22.31379,"min":-15.16176,"runningAverage":10.2161655,"value":15.42114,"weightedAverage":15.5579}},"metadata":{"timer_format_version":"0.1.0","start_time_seconds":"1602025091","unity_version":"2019.4.11f1","command_line_arguments":"E:\\UnityHub\\UnityIDE\\2019.4.11f1\\Editor\\Unity.exe -projectpath E:\/GIMM480_Git\/ML_Agents\/ML-Agent-Minigame\/ML-Agent-Project -useHub -hubIPC -cloudEnvironment production -hubSessionId 5e5c7870-0826-11eb-99ee-6f03b5647b4a -accessToken 9es9jE2untp_LUV0E8b9UKP9583wisi-ip9cgHFhSIo002f","communication_protocol_version":"1.0.0","com.unity.ml-agents_version":"1.0.5","scene_name":"TrainingScene","end_time_seconds":"1602034146"}}