{"cameraMode":{"drawMode":0,"name":"Shaded","section":"Shading Mode"},"sceneLighting":true,"audioPlay":false,"sceneViewState":{"showFog":true,"showMaterialUpdate":false,"showSkybox":true,"showFlares":true,"showImageEffects":true,"showParticleSystems":true},"in2DMode":false,"pivot":{"x":4.95705509185791,"y":-80.76004028320313,"z":-8.746016502380371},"rotation":{"x":-0.2968777120113373,"y":-0.6946247220039368,"z":0.39095616340637209,"w":-0.5262566208839417},"size":28.05183982849121,"orthographic":true}