{"cameraMode":{"drawMode":0,"name":"Shaded","section":"Shading Mode"},"sceneLighting":true,"audioPlay":false,"sceneViewState":{"showFog":true,"showMaterialUpdate":false,"showSkybox":true,"showFlares":true,"showImageEffects":true,"showParticleSystems":true},"in2DMode":false,"pivot":{"x":123.69148254394531,"y":12.996084213256836,"z":35.813106536865237},"rotation":{"x":0.3305615484714508,"y":-0.0014156460529193283,"z":0.0004957451019436121,"w":0.9437856674194336},"size":89.1629409790039,"orthographic":true}