{"cameraMode":{"drawMode":0,"name":"Shaded","section":"Shading Mode"},"sceneLighting":true,"audioPlay":false,"sceneViewState":{"showFog":true,"showMaterialUpdate":false,"showSkybox":true,"showFlares":true,"showImageEffects":true,"showParticleSystems":true},"in2DMode":false,"pivot":{"x":16.549999237060548,"y":-75.9800033569336,"z":-28.729999542236329},"rotation":{"x":0.21343888342380525,"y":-0.3653479218482971,"z":0.08692143857479096,"w":0.9021181464195252},"size":20.114423751831056,"orthographic":true}