{"cameraMode":{"drawMode":0,"name":"Shaded","section":"Shading Mode"},"sceneLighting":false,"audioPlay":false,"sceneViewState":{"showFog":true,"showMaterialUpdate":false,"showSkybox":false,"showFlares":true,"showImageEffects":true,"showParticleSystems":true},"in2DMode":false,"pivot":{"x":0.6948171854019165,"y":0.1007782369852066,"z":2.050431489944458},"rotation":{"x":0.6811497211456299,"y":0.008784723468124867,"z":-0.008174136281013489,"w":0.7320471405982971},"size":7.582361698150635,"orthographic":true}