{"cameraMode":{"drawMode":0,"name":"Shaded","section":"Shading Mode"},"sceneLighting":true,"audioPlay":false,"sceneViewState":{"showFog":true,"showMaterialUpdate":false,"showSkybox":true,"showFlares":true,"showImageEffects":true,"showParticleSystems":true},"in2DMode":false,"pivot":{"x":-1.20770263671875,"y":-99.9140625,"z":50.7705078125},"rotation":{"x":-0.3205704092979431,"y":0.27771249413490298,"z":-0.0987090989947319,"w":-0.9003719091415405},"size":139.70281982421876,"orthographic":true}