{"cameraMode":{"drawMode":0,"name":"Shaded","section":"Shading Mode"},"sceneLighting":false,"audioPlay":false,"sceneViewState":{"showFog":true,"showMaterialUpdate":false,"showSkybox":false,"showFlares":true,"showImageEffects":true,"showParticleSystems":true},"in2DMode":false,"pivot":{"x":13.19434642791748,"y":4.726898193359375,"z":-8.402044296264649},"rotation":{"x":0.1833094358444214,"y":-0.30957359075546267,"z":0.060950033366680148,"w":0.9310489892959595},"size":29.82048797607422,"orthographic":true}