{"cameraMode":{"drawMode":0,"name":"Shaded","section":"Shading Mode"},"sceneLighting":true,"audioPlay":false,"sceneViewState":{"showFog":true,"showMaterialUpdate":false,"showSkybox":true,"showFlares":true,"showImageEffects":true,"showParticleSystems":true},"in2DMode":false,"pivot":{"x":125.98078918457031,"y":13.325607299804688,"z":36.21077346801758},"rotation":{"x":0.18457432091236115,"y":-0.11323674023151398,"z":0.021413495764136316,"w":0.9760411977767944},"size":95.20246124267578,"orthographic":true}