{"cameraMode":{"drawMode":0,"name":"Shaded","section":"Shading Mode"},"sceneLighting":true,"audioPlay":false,"sceneViewState":{"showFog":true,"showMaterialUpdate":false,"showSkybox":true,"showFlares":true,"showImageEffects":true,"showParticleSystems":true},"in2DMode":false,"pivot":{"x":3.8284144401550295,"y":-86.1134033203125,"z":-24.94204330444336},"rotation":{"x":0.007976640947163105,"y":0.8985642194747925,"z":-0.4390398859977722,"w":0.014529475010931492},"size":5.501794338226318,"orthographic":true}