{"cameraMode":{"drawMode":0,"name":"Shaded","section":"Shading Mode"},"sceneLighting":false,"audioPlay":false,"sceneViewState":{"showFog":true,"showMaterialUpdate":false,"showSkybox":false,"showFlares":true,"showImageEffects":true,"showParticleSystems":true},"in2DMode":false,"pivot":{"x":-0.42241883277893069,"y":1.3962440490722657,"z":0.05096256732940674},"rotation":{"x":0.004543617367744446,"y":0.6025980710983276,"z":-0.001452212454751134,"w":0.7984938025474548},"size":4.810874938964844,"orthographic":true}