{"cameraMode":{"drawMode":0,"name":"Shaded","section":"Shading Mode"},"sceneLighting":false,"audioPlay":false,"sceneViewState":{"showFog":true,"showMaterialUpdate":false,"showSkybox":false,"showFlares":true,"showImageEffects":true,"showParticleSystems":true},"in2DMode":false,"pivot":{"x":0.009626388549804688,"y":1.0580332279205323,"z":0.03280198574066162},"rotation":{"x":0.004543617367744446,"y":0.6025980710983276,"z":-0.001452212454751134,"w":0.7984938025474548},"size":1.843645453453064,"orthographic":true}