{"cameraMode":{"drawMode":0,"name":"Shaded","section":"Shading Mode"},"sceneLighting":true,"audioPlay":false,"sceneViewState":{"showFog":true,"showMaterialUpdate":false,"showSkybox":true,"showFlares":true,"showImageEffects":true,"showParticleSystems":true},"in2DMode":false,"pivot":{"x":14.57568359375,"y":-83.1669921875,"z":1.83203125},"rotation":{"x":0.004543617367744446,"y":0.6025980710983276,"z":-0.001452212454751134,"w":0.7984938025474548},"size":13.268869400024414,"orthographic":true}