{"cameraMode":{"drawMode":0,"name":"Shaded","section":"Shading Mode"},"sceneLighting":true,"audioPlay":false,"sceneViewState":{"showFog":true,"showMaterialUpdate":false,"showSkybox":true,"showFlares":true,"showImageEffects":true,"showParticleSystems":true},"in2DMode":false,"pivot":{"x":99.66932678222656,"y":-13.026900291442871,"z":90.36189270019531},"rotation":{"x":0.25310492515563967,"y":-0.008706919848918915,"z":0.0022775547113269569,"w":0.9674010872840881},"size":84.67489624023438,"orthographic":true}