{"cameraMode":{"drawMode":0,"name":"Shaded","section":"Shading Mode"},"sceneLighting":true,"audioPlay":false,"sceneViewState":{"showFog":true,"showMaterialUpdate":false,"showSkybox":true,"showFlares":true,"showImageEffects":true,"showParticleSystems":true},"in2DMode":false,"pivot":{"x":653.81591796875,"y":393.810546875,"z":40.75},"rotation":{"x":0.002998242387548089,"y":0.01979581080377102,"z":-0.00007213488424895331,"w":0.9998249411582947},"size":498.2477111816406,"orthographic":true}