{"cameraMode":{"drawMode":0,"name":"Shaded","section":"Shading Mode"},"sceneLighting":true,"audioPlay":false,"sceneViewState":{"showFog":true,"showMaterialUpdate":false,"showSkybox":true,"showFlares":true,"showImageEffects":true,"showParticleSystems":true},"in2DMode":false,"pivot":{"x":119.85636901855469,"y":-7.8960747718811039,"z":90.11544799804688},"rotation":{"x":0.17942795157432557,"y":-0.07223595678806305,"z":0.013211211189627648,"w":0.9810311198234558},"size":96.62812042236328,"orthographic":true}