{"cameraMode":{"drawMode":0,"name":"Shaded","section":"Shading Mode"},"sceneLighting":true,"audioPlay":false,"sceneViewState":{"showFog":true,"showMaterialUpdate":false,"showSkybox":true,"showFlares":true,"showImageEffects":true,"showParticleSystems":true},"in2DMode":false,"pivot":{"x":0.0,"y":2.7500035762786867,"z":5.094999313354492},"rotation":{"x":0.2766912281513214,"y":-0.35731735825538638,"z":0.11173338443040848,"w":0.8850929737091065},"size":58.5864372253418,"orthographic":true}