{"cameraMode":{"drawMode":0,"name":"Shaded","section":"Shading Mode"},"sceneLighting":false,"audioPlay":false,"sceneViewState":{"showFog":true,"showMaterialUpdate":false,"showSkybox":false,"showFlares":true,"showImageEffects":true,"showParticleSystems":true},"in2DMode":false,"pivot":{"x":13.19434642791748,"y":4.726898193359375,"z":-8.402044296264649},"rotation":{"x":0.4277239143848419,"y":-0.21985234320163728,"z":0.10807758569717407,"w":0.8700799345970154},"size":39.30923080444336,"orthographic":true}